Show1,Show2
cobra kai,gilmore girls
cobra kai,west wing
cobra kai,the boys
cobra kai,ozark
gilmore girls,west wing
gilmore girls,the boys
gilmore girls,ozark
west wing,the boys
west wing,ozark
the boys,ozark
great british baking show,cobra kai
great british baking show,bridgerton
great british baking show,the undoing
great british baking show,your honor
cobra kai,bridgerton
cobra kai,the undoing
cobra kai,your honor
bridgerton,the undoing
bridgerton,your honor
the undoing,your honor
great british baking show,your honor
great british baking show,the boys
great british baking show,ozark
great british baking show,cobra kai
your honor,the boys
your honor,ozark
your honor,cobra kai
the boys,ozark
the boys,cobra kai
ozark,cobra kai
west wing,the undoing
west wing,the mandalorian
west wing,ratched
the undoing,the mandalorian
the undoing,ratched
the mandalorian,ratched
fargo,gilmore girls
fargo,cobra kai
fargo,bridgerton
gilmore girls,cobra kai
gilmore girls,bridgerton
cobra kai,bridgerton
ratched,game of thrones
ratched,west wing
ratched,cobra kai
ratched,wandavision
game of thrones,west wing
game of thrones,cobra kai
game of thrones,wandavision
west wing,cobra kai
west wing,wandavision
cobra kai,wandavision
stranger things,the new york times presents
stranger things,your honor
stranger things,the undoing
stranger things,the queen's gambit
stranger things,the boys
stranger things,fargo
the new york times presents,your honor
the new york times presents,the undoing
the new york times presents,the queen's gambit
the new york times presents,the boys
the new york times presents,fargo
your honor,the undoing
your honor,the queen's gambit
your honor,the boys
your honor,fargo
the undoing,the queen's gambit
the undoing,the boys
the undoing,fargo
the queen's gambit,the boys
the queen's gambit,fargo
the boys,fargo
ratched,fargo
ratched,your honor
ratched,game of thrones
fargo,your honor
fargo,game of thrones
your honor,game of thrones
breaking bad,your honor
ted lasso,wandavision
ted lasso,cobra kai
ted lasso,gilmore girls
ted lasso,the undoing
ted lasso,ozark
wandavision,cobra kai
wandavision,gilmore girls
wandavision,the undoing
wandavision,ozark
cobra kai,gilmore girls
cobra kai,the undoing
cobra kai,ozark
gilmore girls,the undoing
gilmore girls,ozark
the undoing,ozark
cobra kai,great british baking show
cobra kai,the new york times presents
great british baking show,the new york times presents